timestamp,elapsed_min,disk_mb
2026-08-06 09:13:10,0,1
2026-08-06 09:13:21,0,8
2026-08-06 09:13:33,0,16
2026-08-06 09:13:45,0,25
2026-08-06 09:13:57,0,34
2026-08-06 09:14:08,0,41
2026-08-06 09:14:20,1,49
2026-08-06 09:14:32,1,57
2026-08-06 09:14:44,1,66
2026-08-06 09:14:55,1,74
2026-08-06 09:15:07,1,82
2026-08-06 09:15:19,2,90
2026-08-06 09:15:31,2,98
2026-08-06 09:15:43,2,106
2026-08-06 09:15:55,2,113
2026-08-06 09:16:07,2,121
2026-08-06 09:16:18,3,128
2026-08-06 09:16:30,3,136
2026-08-06 09:16:42,3,144
2026-08-06 09:16:54,3,151
2026-08-06 09:17:07,3,159
2026-08-06 09:17:19,4,166
2026-08-06 09:17:30,4,173
2026-08-06 09:17:42,4,180
2026-08-06 09:17:55,4,186
2026-08-06 09:18:07,4,193
2026-08-06 09:18:19,5,199
2026-08-06 09:18:31,5,205
2026-08-06 09:18:44,5,212
2026-08-06 09:18:56,5,218
2026-08-06 09:19:08,5,225
2026-08-06 09:19:21,6,233
2026-08-06 09:19:33,6,240
2026-08-06 09:19:45,6,247
2026-08-06 09:19:57,6,253
2026-08-06 09:20:09,6,261
2026-08-06 09:20:21,7,267
2026-08-06 09:20:33,7,274
2026-08-06 09:20:45,7,282
2026-08-06 09:20:57,7,288
2026-08-06 09:21:09,7,295
2026-08-06 09:21:21,8,303
2026-08-06 09:21:33,8,309
2026-08-06 09:21:45,8,317
2026-08-06 09:21:57,8,324
2026-08-06 09:22:09,8,330
2026-08-06 09:22:21,9,337
2026-08-06 09:22:33,9,344
2026-08-06 09:22:45,9,350
2026-08-06 09:22:57,9,357
2026-08-06 09:23:09,9,364
2026-08-06 09:23:21,10,371
2026-08-06 09:23:33,10,378
2026-08-06 09:23:45,10,386
2026-08-06 09:23:57,10,392
2026-08-06 09:24:09,10,399
2026-08-06 09:24:21,11,406
2026-08-06 09:24:33,11,413
2026-08-06 09:24:45,11,420
2026-08-06 09:24:57,11,427
2026-08-06 09:25:10,12,433
2026-08-06 09:25:22,12,440
2026-08-06 09:25:33,12,447
2026-08-06 09:25:46,12,454
2026-08-06 09:25:58,12,461
2026-08-06 09:26:10,13,468
2026-08-06 09:26:22,13,474
2026-08-06 09:26:34,13,481
2026-08-06 09:26:46,13,488
2026-08-06 09:26:58,13,495
2026-08-06 09:27:09,13,502
2026-08-06 09:27:22,14,509
2026-08-06 09:27:34,14,516
2026-08-06 09:27:46,14,522
2026-08-06 09:27:57,14,529
2026-08-06 09:28:09,14,536
2026-08-06 09:28:21,15,542
2026-08-06 09:28:34,15,549
2026-08-06 09:28:46,15,556
2026-08-06 09:28:58,15,564
2026-08-06 09:29:10,16,571
2026-08-06 09:29:22,16,577
2026-08-06 09:29:34,16,585
2026-08-06 09:29:46,16,591
2026-08-06 09:29:58,16,598
2026-08-06 09:30:10,17,605
2026-08-06 09:30:22,17,612
2026-08-06 09:30:34,17,620
2026-08-06 09:30:46,17,626
2026-08-06 09:30:58,17,634
2026-08-06 09:31:10,18,641
2026-08-06 09:31:22,18,648
2026-08-06 09:31:34,18,655
2026-08-06 09:31:47,18,662
2026-08-06 09:31:59,18,669
2026-08-06 09:32:11,19,676
2026-08-06 09:32:24,19,683
2026-08-06 09:32:36,19,690
2026-08-06 09:32:48,19,697
2026-08-06 09:33:00,19,704
2026-08-06 09:33:13,20,711
2026-08-06 09:33:25,20,710
2026-08-06 09:33:36,20,709
2026-08-06 09:33:48,20,707
2026-08-06 09:33:59,20,706
2026-08-06 09:34:11,21,704
2026-08-06 09:34:22,21,702
2026-08-06 09:34:34,21,701
2026-08-06 09:34:45,21,699
2026-08-06 09:34:57,21,697
2026-08-06 09:35:09,21,696
2026-08-06 09:35:20,22,694
2026-08-06 09:35:32,22,693
2026-08-06 09:35:43,22,691
2026-08-06 09:35:55,22,689
2026-08-06 09:36:06,22,688
2026-08-06 09:36:18,23,686
2026-08-06 09:36:29,23,684
2026-08-06 09:36:41,23,683
2026-08-06 09:36:52,23,681
2026-08-06 09:37:04,23,680
2026-08-06 09:37:15,24,678
2026-08-06 09:37:27,24,676
2026-08-06 09:37:38,24,675
2026-08-06 09:37:50,24,673
2026-08-06 09:38:01,24,671
